x, Tf, Ts , Tf* , Ts*
0.0,873.0,370.06924146586323,873.0,370.06924146586323
0.05,772.9335077321437,336.59806409701935,772.933854781106,336.59806409701935
0.1,618.7213916583883,313.9774489657126,618.7219264943124,313.9774489657126
0.15000000000000002,471.7249226948681,301.6015334442958,471.72543250560364,301.6015334442958
0.2,373.5291074356149,296.0364437884339,373.529447996726,296.0364437884339
0.25,323.4590381765971,293.9345252819555,323.45921182878766,293.9345252819555
0.30000000000000004,302.87357630719305,293.2538826017753,302.87364770135326,293.2538826017753
0.35000000000000003,295.79193960661723,293.0615708582392,295.79196416703314,293.0615708582392
0.4,293.6988637776143,293.0134621688849,293.6988710367855,293.0134621688849
0.45,293.1567562165405,293.0026766438515,293.156758096669,293.0026766438515
0.5,293.0318284739525,293.000487583222,293.03182890722485,293.000487583222
0.55,293.0059003834509,293.000081908364,293.0059004733743,293.000081908364
0.6000000000000001,293.001005946425,293.00001276440554,293.0010059633998,293.00001276440554
0.65,293.0001587100759,293.00000185751384,293.00015871301423,293.00000185751384
0.7000000000000001,293.0000232966952,293.0000002563128,293.00002329716483,293.0000002563128
0.75,293.0000031966489,293.0000000359171,293.0000031967186,293.0000000359171
0.8,293.00000041193306,293.00000000603603,293.0000004119427,293.00000000603603
0.8500000000000001,293.00000005029545,293.00000000039756,293.0000000502967,293.00000000039756
0.9,293.00000000540643,293.0,293.0000000054066,293.0
0.9500000000000001,293.0,293.0,293.0,293.0
1.0,293.0,293.0,293.0,293.0
1.05,293.0,293.0,0.0,0.0
