x, Tf, Ts , Tf* , Ts*
0.0,873.0,393.41204715540704,873.0,393.41204715540704
0.05,803.7603011896344,357.65513357106073,803.7605413256189,357.65513357106073
0.1,690.6645495444635,329.9280761942285,690.6649417812889,329.9280761942285
0.15000000000000002,557.3662325570846,311.5561074520856,557.3666948601148,311.5561074520856
0.2,442.2468851022308,301.2101994683923,442.2472843572579,301.2101994683923
0.25,365.1675973621376,296.2168205982507,365.16786468725536,296.2168205982507
0.30000000000000004,323.2793923464787,294.12470010580677,323.27953762246227,294.12470010580677
0.35000000000000003,304.1701529636628,293.3537493875815,304.17021923801246,293.3537493875815
0.4,296.66700004781774,293.1008736755541,296.6670260701292,293.1008736755541
0.45,294.08264577265834,293.02626578772487,294.0826547356733,293.02626578772487
0.5,293.2900994615357,293.006285483698,293.2901022102318,293.006285483698
0.55,293.07110634172835,293.00139038082233,293.0711071012367,293.00139038082233
0.6000000000000001,293.0160518201839,293.00028577240926,293.0160520111231,293.00028577240926
0.65,293.0033570790018,293.00005483074136,293.00335712302945,293.00005483074136
0.7000000000000001,293.0006538269718,293.00000986465545,293.00065383634717,293.00000986465545
0.75,293.000119122618,293.0000016735733,293.00011912447246,293.0000016735733
0.8,293.0000203832569,293.00000027170256,293.00002038359935,293.00000027170256
0.8500000000000001,293.00000328740924,293.0000000449757,293.00000328746853,293.0000000449757
0.9,293.0000005016442,293.00000000846967,293.00000050165386,293.00000000846967
0.9500000000000001,293.0000000732783,293.0000000015152,293.00000007327975,293.0000000015152
1.0,293.00000000976917,293.0,293.0000000097694,293.0
1.05,293.0,293.0,0.0,0.0
