x, Tf, Ts , Tf* , Ts*
0.0,873.0,552.7944594498365,873.0,552.7944594498365
0.05,842.7256542180452,515.7782490777593,842.7257592150332,515.7782490777593
0.1,810.032062977991,480.5121667631056,810.0321763653664,480.5121667631056
0.15000000000000002,774.4937243045953,447.3509828604191,774.4938475580768,447.3509828604191
0.2,734.9769980510621,416.7057848685997,734.977135102322,416.7057848685997
0.25,690.0463523403761,389.0599214859581,690.0465081681024,389.0599214859581
0.30000000000000004,638.9795865708132,364.91628224820994,638.9797636797302,364.91628224820994
0.35000000000000003,582.794441033117,344.67720495388704,582.7946358935145,344.67720495388704
0.4,524.5131310889471,328.5102575698153,524.5133332192275,328.5102575698153
0.45,468.3911014346896,316.2702634904378,468.3912960761896,316.2702634904378
0.5,418.5483372618117,307.51662302707575,418.5485101256665,307.51662302707575
0.55,377.7624216123411,301.61272392217666,377.7625630653828,301.61272392217666
0.6000000000000001,346.9515767709222,297.8587390241673,346.95168362858743,297.8587390241673
0.65,325.39315684061086,295.6070333710322,325.3932316091682,295.6070333710322
0.7000000000000001,311.36813318729617,294.3314138618808,311.3681818286525,294.3314138618808
0.75,302.8519050406293,293.64780765393283,302.85193457647165,293.64780765393283
0.8,298.0071560729729,293.30064035179174,298.0071728754516,293.30064035179174
0.8500000000000001,295.41596698692223,293.13324963502373,295.4159759736416,293.13324963502373
0.9,294.10876934557416,293.05647765896765,294.10877387917554,293.05647765896765
0.9500000000000001,293.4848982537975,293.0229225171184,293.48490041749693,293.0229225171184
1.0,293.2024431092081,293.0089207903849,293.2024440888144,293.0089207903849
1.05,293.0,293.0,0.0,0.0
